indivname,ObsSex,Length,type,Age,EpiAge,SampleSet,ModelType,se.fit,lower,upper,DataType,LogAge,LogLen
Age4_HIP_5463,1,51,Train,4,5.94507982738862,Combined,Elastic Net,NA,NA,NA,NA,NA,NA
Age4_HIP_5498,2,78,Train,4,5.48167665814171,Combined,Elastic Net,NA,NA,NA,NA,NA,NA
Age4_HIP_5513,2,49,Train,4,5.48579798498251,Combined,Elastic Net,NA,NA,NA,NA,NA,NA
Age4_HIP_5517,1,38,Train,4,5.61861671456325,Combined,Elastic Net,NA,NA,NA,NA,NA,NA
Age4_HIP_5520,2,65,Train,4,5.76822149620507,Combined,Elastic Net,NA,NA,NA,NA,NA,NA
Age4_HIP_5525,1,34,Train,4,6.35467193539299,Combined,Elastic Net,NA,NA,NA,NA,NA,NA
Age4_HIP_5533,1,60,Train,4,5.31167382218694,Combined,Elastic Net,NA,NA,NA,NA,NA,NA
Age4_HIP_91,1,44,Train,4,4.3808593191644,Combined,Elastic Net,NA,NA,NA,NA,NA,NA
Age4_HIP_93,2,45,Train,4,6.27654766418422,Combined,Elastic Net,NA,NA,NA,NA,NA,NA
Age6_HYP_132,2,108,Train,6,7.99843501648365,Combined,Elastic Net,NA,NA,NA,NA,NA,NA
Age6_HYP_163,1,83,Train,6,7.46668336313715,Combined,Elastic Net,NA,NA,NA,NA,NA,NA
Age6_HYP_187,1,92,Train,6,6.70139434742944,Combined,Elastic Net,NA,NA,NA,NA,NA,NA
Age6_HYP_251,1,114,Train,6,10.022322575152,Combined,Elastic Net,NA,NA,NA,NA,NA,NA
Age6_HYP_488,2,84,Train,6,7.40246042375636,Combined,Elastic Net,NA,NA,NA,NA,NA,NA
Age6_HYP_540,2,103,Train,6,7.81561274226574,Combined,Elastic Net,NA,NA,NA,NA,NA,NA
Age6_HYP_599,1,100,Train,6,7.47114484951274,Combined,Elastic Net,NA,NA,NA,NA,NA,NA
Age6_HYP_731,1,108,Train,6,7.76198624570103,Combined,Elastic Net,NA,NA,NA,NA,NA,NA
Age6_HYP_91,2,105,Train,6,6.86765146499616,Combined,Elastic Net,NA,NA,NA,NA,NA,NA
Age8_HYP_102,1,88,Train,8,7.64265045766289,Combined,Elastic Net,NA,NA,NA,NA,NA,NA
Age8_HYP_197,1,113,Train,8,9.77561141474723,Combined,Elastic Net,NA,NA,NA,NA,NA,NA
Age8_HYP_250,2,125,Train,8,7.88409669478264,Combined,Elastic Net,NA,NA,NA,NA,NA,NA
Age8_HYP_530,2,96,Train,8,11.0262748200918,Combined,Elastic Net,NA,NA,NA,NA,NA,NA
Age8_HYP_593,2,107,Train,8,8.0603250585243,Combined,Elastic Net,NA,NA,NA,NA,NA,NA
Age8_HYP_618,2,92,Train,8,9.65562240106121,Combined,Elastic Net,NA,NA,NA,NA,NA,NA
Age8_HYP_621,1,108,Train,8,7.9842601107779,Combined,Elastic Net,NA,NA,NA,NA,NA,NA
Age8_HYP_732,1,112,Train,8,9.82803342246057,Combined,Elastic Net,NA,NA,NA,NA,NA,NA
Age8_HYP_735,1,120,Train,8,10.988487143287,Combined,Elastic Net,NA,NA,NA,NA,NA,NA
Age10_HYP_10,2,111,Train,10,10.8159142491198,Combined,Elastic Net,NA,NA,NA,NA,NA,NA
Age10_HYP_266,2,114,Train,10,9.42390463568426,Combined,Elastic Net,NA,NA,NA,NA,NA,NA
Age10_HYP_47,1,98,Train,10,9.87004166264279,Combined,Elastic Net,NA,NA,NA,NA,NA,NA
Age10_HYP_52,1,94,Train,10,11.1892412293602,Combined,Elastic Net,NA,NA,NA,NA,NA,NA
Age10_HYP_526,2,122,Train,10,8.43807400125801,Combined,Elastic Net,NA,NA,NA,NA,NA,NA
Age10_HYP_531,2,154,Train,10,9.31595805428416,Combined,Elastic Net,NA,NA,NA,NA,NA,NA
Age10_HYP_544,1,118,Train,10,8.73915784716956,Combined,Elastic Net,NA,NA,NA,NA,NA,NA
Age10_HYP_568,1,83,Train,10,10.2739966399598,Combined,Elastic Net,NA,NA,NA,NA,NA,NA
Age10_HYP_645,1,120,Train,10,8.80294864669095,Combined,Elastic Net,NA,NA,NA,NA,NA,NA
Age12_HYP_135,1,112,Train,12,12.7380230837703,Combined,Elastic Net,NA,NA,NA,NA,NA,NA
Age12_HYP_165,1,111,Train,12,8.6544824670585,Combined,Elastic Net,NA,NA,NA,NA,NA,NA
Age12_HYP_211,2,145,Train,12,12.2090299023441,Combined,Elastic Net,NA,NA,NA,NA,NA,NA
Age12_HYP_224,2,146,Train,12,15.4268470460994,Combined,Elastic Net,NA,NA,NA,NA,NA,NA
Age12_HYP_502,2,135,Train,12,13.7796015619429,Combined,Elastic Net,NA,NA,NA,NA,NA,NA
Age12_HYP_517,2,128,Train,12,10.9443025751531,Combined,Elastic Net,NA,NA,NA,NA,NA,NA
Age12_HYP_572,1,94,Train,12,8.36551772749042,Combined,Elastic Net,NA,NA,NA,NA,NA,NA
Age12_HYP_603,1,121,Train,12,11.1637936829715,Combined,Elastic Net,NA,NA,NA,NA,NA,NA
Age12_HYP_610,1,115,Train,12,9.57747436599861,Combined,Elastic Net,NA,NA,NA,NA,NA,NA
Age15_HYP_125,1,99,Train,15,10.6128647555615,Combined,Elastic Net,NA,NA,NA,NA,NA,NA
Age15_HYP_198,2,171,Train,15,13.3700280995152,Combined,Elastic Net,NA,NA,NA,NA,NA,NA
Age15_HYP_209,1,108,Train,15,12.9104598181876,Combined,Elastic Net,NA,NA,NA,NA,NA,NA
Age15_HYP_255,1,103,Train,15,11.3262152012588,Combined,Elastic Net,NA,NA,NA,NA,NA,NA
Age15_HYP_35,1,103,Train,15,11.1527023079963,Combined,Elastic Net,NA,NA,NA,NA,NA,NA
Age15_HYP_550,2,136,Train,15,10.9140345252945,Combined,Elastic Net,NA,NA,NA,NA,NA,NA
Age15_HYP_590,2,161,Train,15,14.2266959876558,Combined,Elastic Net,NA,NA,NA,NA,NA,NA
Age15_HYP_9,1,98,Train,15,11.4167166237516,Combined,Elastic Net,NA,NA,NA,NA,NA,NA
Age15_HYP_98,2,146,Train,15,10.9322567880607,Combined,Elastic Net,NA,NA,NA,NA,NA,NA
Age16_HIP_1743,2,126,Train,16,12.4014628441789,Combined,Elastic Net,NA,NA,NA,NA,NA,NA
Age16_HIP_1810,2,175,Train,16,15.3892982532915,Combined,Elastic Net,NA,NA,NA,NA,NA,NA
Age16_HYP_89,2,170,Train,16,12.2213421363392,Combined,Elastic Net,NA,NA,NA,NA,NA,NA
Age16_HYP_205,1,94,Train,16,15.7597522594541,Combined,Elastic Net,NA,NA,NA,NA,NA,NA
Age16_HYP_242,1,118,Train,16,17.3609573986122,Combined,Elastic Net,NA,NA,NA,NA,NA,NA
Age16_HIP_3157,2,175,Train,16,18.9663165153515,Combined,Elastic Net,NA,NA,NA,NA,NA,NA
Age16_HIP_1758,1,131,Train,16,15.5628327898791,Combined,Elastic Net,NA,NA,NA,NA,NA,NA
Age16_HIP_1401,1,98,Train,16,12.0388516882499,Combined,Elastic Net,NA,NA,NA,NA,NA,NA
Age16_HIP_1414,2,180,Train,16,19.2966139900208,Combined,Elastic Net,NA,NA,NA,NA,NA,NA
Age16_HIP_5348,2,161,Train,16,17.4552221316479,Combined,Elastic Net,NA,NA,NA,NA,NA,NA
Age16_HIP_1985,2,191,Train,16,15.4992193101274,Combined,Elastic Net,NA,NA,NA,NA,NA,NA
Age16_HIP_1717,1,95,Train,16,11.7773114312908,Combined,Elastic Net,NA,NA,NA,NA,NA,NA
Age17_HYP_110,1,119,Train,17,17.5959638193466,Combined,Elastic Net,NA,NA,NA,NA,NA,NA
Age17_HYP_162,1,118,Train,17,15.6763458420061,Combined,Elastic Net,NA,NA,NA,NA,NA,NA
Age17_HIP_3148,2,162,Train,17,14.4357521485597,Combined,Elastic Net,NA,NA,NA,NA,NA,NA
Age17_HIP_1753,2,209,Train,17,21.907545024987,Combined,Elastic Net,NA,NA,NA,NA,NA,NA
Age17_HIP_3019,2,156,Train,17,14.4326300228363,Combined,Elastic Net,NA,NA,NA,NA,NA,NA
Age18_HYP_551,2,173,Train,18,16.8413117666771,Combined,Elastic Net,NA,NA,NA,NA,NA,NA
Age18_HYP_589,1,123,Train,18,15.8140518009564,Combined,Elastic Net,NA,NA,NA,NA,NA,NA
Age18_HYP_772,1,120,Train,18,15.9276126977007,Combined,Elastic Net,NA,NA,NA,NA,NA,NA
Age18_HIP_6325,1,82,Train,18,11.1321699161336,Combined,Elastic Net,NA,NA,NA,NA,NA,NA
Age18_HIP_1724,2,125,Train,18,13.2840927206208,Combined,Elastic Net,NA,NA,NA,NA,NA,NA
Age18_HIP_3058,1,127,Train,18,14.6288770548165,Combined,Elastic Net,NA,NA,NA,NA,NA,NA
Age18_HIP_5336,2,194,Train,18,15.4816641489998,Combined,Elastic Net,NA,NA,NA,NA,NA,NA
Age19_HIP_1300,1,132,Train,19,16.263590543373,Combined,Elastic Net,NA,NA,NA,NA,NA,NA
Age19_LLNS18_3608,2,198,Train,19,13.1038551832897,Combined,Elastic Net,NA,NA,NA,NA,NA,NA
Age21_HIP_4234,1,110,Train,21,12.8988226337558,Combined,Elastic Net,NA,NA,NA,NA,NA,NA
Age4_HIP_5530,1,38,Test,4,6.84832242871584,Combined,Elastic Net,NA,NA,NA,NA,NA,NA
Age4_HIP_5490,2,83,Test,4,5.42141004948148,Combined,Elastic Net,NA,NA,NA,NA,NA,NA
Age6_HYP_265,1,105,Test,6,7.486694055018,Combined,Elastic Net,NA,NA,NA,NA,NA,NA
Age6_HYP_177,2,90,Test,6,7.70016054374019,Combined,Elastic Net,NA,NA,NA,NA,NA,NA
Age8_HYP_639,1,100,Test,8,8.16683180247108,Combined,Elastic Net,NA,NA,NA,NA,NA,NA
Age8_HYP_90,2,99,Test,8,8.35613191208237,Combined,Elastic Net,NA,NA,NA,NA,NA,NA
Age10_HYP_164,1,94,Test,10,8.64711214105063,Combined,Elastic Net,NA,NA,NA,NA,NA,NA
Age10_HYP_494,2,143,Test,10,15.8045797161414,Combined,Elastic Net,NA,NA,NA,NA,NA,NA
Age12_HYP_227,1,90,Test,12,8.80120385292514,Combined,Elastic Net,NA,NA,NA,NA,NA,NA
Age12_HYP_236,2,130,Test,12,9.74238741424544,Combined,Elastic Net,NA,NA,NA,NA,NA,NA
Age15_HYP_157,1,110,Test,15,11.6471197903092,Combined,Elastic Net,NA,NA,NA,NA,NA,NA
Age15_HYP_232,2,100,Test,15,10.6108964165606,Combined,Elastic Net,NA,NA,NA,NA,NA,NA
Age16_HYP_114,1,113,Test,16,14.0667934760461,Combined,Elastic Net,NA,NA,NA,NA,NA,NA
Age16_HIP_1387,2,125,Test,16,22.3396037325362,Combined,Elastic Net,NA,NA,NA,NA,NA,NA
Age17_HYP_156,1,114,Test,17,13.9227374398741,Combined,Elastic Net,NA,NA,NA,NA,NA,NA
Age17_HIP_3150,2,136,Test,17,10.3727897300961,Combined,Elastic Net,NA,NA,NA,NA,NA,NA
Age18_HYP_560,1,120,Test,18,17.1346909644881,Combined,Elastic Net,NA,NA,NA,NA,NA,NA
Age18_HIP_3051,2,169,Test,18,14.9960146234488,Combined,Elastic Net,NA,NA,NA,NA,NA,NA
Age19_HYP_108,1,123,Test,19,15.9816812766546,Combined,Elastic Net,NA,NA,NA,NA,NA,NA
Age19_HIP_1454,2,179,Test,19,19.5963798888328,Combined,Elastic Net,NA,NA,NA,NA,NA,NA
Age20_HIP_5369,2,193,Test,20,19.2553796155116,Combined,Elastic Net,NA,NA,NA,NA,NA,NA
Age21_HIP_5056,1,98,Test,21,17.9393153663081,Combined,Elastic Net,NA,NA,NA,NA,NA,NA
Age23_HIP_2753,1,126,Test,23,16.1686132564866,Combined,Elastic Net,NA,NA,NA,NA,NA,NA
Age23_HIP_1716,2,180,Test,23,12.209841526781,Combined,Elastic Net,NA,NA,NA,NA,NA,NA
Age29_HIP_6730,2,236,Test,29,29.0002670748253,Combined,Elastic Net,NA,NA,NA,NA,NA,NA
Age4_HIP_5463,1,51,Test,4,4.61491220674641,Combined,GAM,1.38271415709134,1.90479245884739,7.32503195464544,Wild,1.38629436111989,3.93182563272433
Age4_HIP_5490,2,83,Test,4,4.23499764948877,Combined,GAM,0.965871323284823,2.34188985585052,6.12810544312703,Wild,1.38629436111989,4.4188406077966
Age4_HIP_5498,2,78,Test,4,3.71845765406274,Combined,GAM,1.12500527818648,1.51344730881724,5.92346799930824,Wild,1.38629436111989,4.35670882668959
Age4_HIP_5513,2,49,Test,4,6.5394279977905,Combined,GAM,1.15401804678807,4.27755262608588,8.80130336949512,Wild,1.38629436111989,3.89182029811063
Age4_HIP_5517,1,38,Test,4,6.56630694533162,Combined,GAM,1.08851498023082,4.4328175840792,8.69979630658404,Wild,1.38629436111989,3.63758615972639
Age4_HIP_5520,2,65,Test,4,5.78164847105156,Combined,GAM,0.770232324502439,4.27199311502678,7.29130382707634,Wild,1.38629436111989,4.17438726989564
Age4_HIP_5525,1,34,Test,4,4.74585439899169,Combined,GAM,1.1882104448027,2.41696192717838,7.07474687080499,Wild,1.38629436111989,3.52636052461616
Age4_HIP_5530,1,38,Test,4,6.33687406666671,Combined,GAM,1.6324796212667,3.13721400898397,9.53653412434945,Wild,1.38629436111989,3.63758615972639
Age4_HIP_5533,1,60,Test,4,5.24262631372367,Combined,GAM,1.29292200884842,2.70849917638076,7.77675345106659,Wild,1.38629436111989,4.0943445622221
Age4_HIP_91,1,44,Test,4,6.03619358010464,Combined,GAM,1.00397723125473,4.06839820684538,8.0039889533639,Wild,1.38629436111989,3.78418963391826
Age4_HIP_93,2,45,Test,4,3.464013779107,Combined,GAM,1.10773673873569,1.29284977118505,5.63517778702896,Wild,1.38629436111989,3.80666248977032
Age6_HYP_132,2,108,Test,6,9.41125495019797,Combined,GAM,0.973471391797104,7.50325102227565,11.3192588781203,Wild,1.79175946922805,4.68213122712422
Age6_HYP_163,1,83,Test,6,4.13653907532995,Combined,GAM,0.749310462770232,2.6678905683003,5.60518758235961,Wild,1.79175946922805,4.4188406077966
Age6_HYP_177,2,90,Test,6,9.58727295416494,Combined,GAM,0.904175332214473,7.81508930302457,11.3594566053053,Wild,1.79175946922805,4.49980967033027
Age6_HYP_187,1,92,Test,6,8.7068025303709,Combined,GAM,0.962914031477536,6.81949102867493,10.5941140320669,Wild,1.79175946922805,4.52178857704904
Age6_HYP_251,1,114,Test,6,7.88751973676504,Combined,GAM,0.858070035448239,6.2057024672865,9.56933700624359,Wild,1.79175946922805,4.7361984483945
Age6_HYP_265,1,105,Test,6,7.53994567442824,Combined,GAM,0.724978937923635,6.11898695609792,8.96090439275856,Wild,1.79175946922805,4.65396035015752
Age6_HYP_488,2,84,Test,6,5.43238601347079,Combined,GAM,0.811995012787612,3.84087578840707,7.02389623853451,Wild,1.79175946922805,4.43081679884331
Age6_HYP_540,2,103,Test,6,9.86505467032982,Combined,GAM,0.83404188499989,8.23033257573004,11.4997767649296,Wild,1.79175946922805,4.63472898822964
Age6_HYP_599,1,100,Test,6,5.28939176653804,Combined,GAM,0.830897471192097,3.66083272300153,6.91795081007455,Wild,1.79175946922805,4.60517018598809
Age6_HYP_731,1,108,Test,6,8.45234132432523,Combined,GAM,1.03006917647775,6.43340573842885,10.4712769102216,Wild,1.79175946922805,4.68213122712422
Age6_HYP_91,2,105,Test,6,7.34553059151428,Combined,GAM,1.37953715945718,4.6416377589782,10.0494234240504,Wild,1.79175946922805,4.65396035015752
Age8_HYP_102,1,88,Test,8,7.25517014392598,Combined,GAM,0.86473384244218,5.56029181273931,8.95004847511265,Wild,2.07944154167984,4.47733681447821
Age8_HYP_197,1,113,Test,8,7.81512898873502,Combined,GAM,1.05452636523501,5.74825731287441,9.88200066459563,Wild,2.07944154167984,4.72738781871234
Age8_HYP_250,2,125,Test,8,7.27152580641837,Combined,GAM,1.05605263608523,5.20166263969132,9.34138897314542,Wild,2.07944154167984,4.8283137373023
Age8_HYP_530,2,96,Test,8,6.49844971562974,Combined,GAM,0.749096209978707,5.03022114407147,7.966678287188,Wild,2.07944154167984,4.56434819146784
Age8_HYP_593,2,107,Test,8,9.67076737493925,Combined,GAM,0.886176288420449,7.93386184963517,11.4076729002433,Wild,2.07944154167984,4.67282883446191
Age8_HYP_618,2,92,Test,8,8.93172337820548,Combined,GAM,0.723001805898474,7.51463983864447,10.3488069177665,Wild,2.07944154167984,4.52178857704904
Age8_HYP_621,1,108,Test,8,8.81085778831335,Combined,GAM,0.810859303366603,7.22157355371481,10.4001420229119,Wild,2.07944154167984,4.68213122712422
Age8_HYP_639,1,100,Test,8,9.49038169188319,Combined,GAM,0.730189337426274,8.0592105905277,10.9215527932387,Wild,2.07944154167984,4.60517018598809
Age8_HYP_732,1,112,Test,8,9.79969627074566,Combined,GAM,0.934056034981935,7.96894644218106,11.6304460993102,Wild,2.07944154167984,4.71849887129509
Age8_HYP_735,1,120,Test,8,7.89195697397611,Combined,GAM,1.03460510995741,5.86413095845959,9.91978298949264,Wild,2.07944154167984,4.78749174278205
Age8_HYP_90,2,99,Test,8,5.86782006427603,Combined,GAM,1.04584551916123,3.81796284672001,7.91767728183204,Wild,2.07944154167984,4.59511985013459
Age10_HYP_10,2,111,Test,10,10.9932772883961,Combined,GAM,1.4286696282669,8.19308481699298,13.7934697597992,Wild,2.30258509299405,4.70953020131233
Age10_HYP_164,1,94,Test,10,10.4834138709216,Combined,GAM,1.02301682903004,8.47830088602277,12.4885268558205,Wild,2.30258509299405,4.54329478227
Age10_HYP_266,2,114,Test,10,9.79492168209046,Combined,GAM,0.838729150213052,8.15101254767287,11.438830816508,Wild,2.30258509299405,4.7361984483945
Age10_HYP_47,1,98,Test,10,11.684363317351,Combined,GAM,0.76286819524485,10.1891416546711,13.1795849800309,Wild,2.30258509299405,4.58496747867057
Age10_HYP_494,2,143,Test,10,11.3349140776106,Combined,GAM,0.856664882122681,9.65585090865012,13.013977246571,Wild,2.30258509299405,4.96284463025991
Age10_HYP_52,1,94,Test,10,11.2378116576459,Combined,GAM,1.07907036543442,9.12283374139446,13.3527895738974,Wild,2.30258509299405,4.54329478227
Age10_HYP_526,2,122,Test,10,8.45426887853606,Combined,GAM,0.89328046666002,6.70343916388243,10.2050985931897,Wild,2.30258509299405,4.80402104473326
Age10_HYP_531,2,154,Test,10,10.6268355896243,Combined,GAM,1.29483560894947,8.08895779608336,13.1647133831653,Wild,2.30258509299405,5.03695260241363
Age10_HYP_544,1,118,Test,10,6.77133934463403,Combined,GAM,0.817352117037923,5.1693291952397,8.37334949402836,Wild,2.30258509299405,4.77068462446567
Age10_HYP_568,1,83,Test,10,15.5316342991069,Combined,GAM,0.851641722349735,13.8624165233014,17.2008520749123,Wild,2.30258509299405,4.4188406077966
Age10_HYP_645,1,120,Test,10,8.19390063778188,Combined,GAM,1.00311936334626,6.22778668562322,10.1600145899405,Wild,2.30258509299405,4.78749174278205
Age12_HYP_135,1,112,Test,12,14.8914302934444,Combined,GAM,0.850718856727063,13.2240213342594,16.5588392526295,Wild,2.484906649788,4.71849887129509
Age12_HYP_165,1,111,Test,12,10.7383320587408,Combined,GAM,0.963289967136497,8.85028372315331,12.6263803943284,Wild,2.484906649788,4.70953020131233
Age12_HYP_211,2,145,Test,12,9.04276931983202,Combined,GAM,0.863439560155809,7.35042778192663,10.7351108577374,Wild,2.484906649788,4.97673374242057
Age12_HYP_224,2,146,Test,12,12.2848894425154,Combined,GAM,0.796428982413769,10.7238886369844,13.8458902480464,Wild,2.484906649788,4.98360662170834
Age12_HYP_227,1,90,Test,12,12.283906827982,Combined,GAM,1.1378641391376,10.0536931152723,14.5141205406917,Wild,2.484906649788,4.49980967033027
Age12_HYP_236,2,130,Test,12,11.8507981440861,Combined,GAM,0.908676426791476,10.0697923475748,13.6318039405974,Wild,2.484906649788,4.86753445045558
Age12_HYP_502,2,135,Test,12,11.0832640521264,Combined,GAM,0.805702797474166,9.50408656907702,12.6624415351758,Wild,2.484906649788,4.90527477843843
Age12_HYP_517,2,128,Test,12,11.3601432338751,Combined,GAM,0.770286456545835,9.85038177904528,12.8699046887049,Wild,2.484906649788,4.85203026391962
Age12_HYP_572,1,94,Test,12,13.4091547701602,Combined,GAM,1.00107488758998,11.4470479904838,15.3712615498365,Wild,2.484906649788,4.54329478227
Age12_HYP_603,1,121,Test,12,9.46021342404096,Combined,GAM,0.871991607971297,7.75110987241722,11.1693169756647,Wild,2.484906649788,4.79579054559674
Age12_HYP_610,1,115,Test,12,8.9319800755962,Combined,GAM,0.947540927376508,7.07479985793825,10.7891602932542,Wild,2.484906649788,4.74493212836325
Age15_HYP_125,1,99,Test,15,13.3388054222382,Combined,GAM,0.964627307258807,11.4481359000109,15.2294749444654,Wild,2.70805020110221,4.59511985013459
Age15_HYP_157,1,110,Test,15,14.0964701978348,Combined,GAM,0.747818169956496,12.6307465847201,15.5621938109495,Wild,2.70805020110221,4.70048036579242
Age15_HYP_198,2,171,Test,15,15.5972569977217,Combined,GAM,1.02406854302644,13.5900826533898,17.6044313420535,Wild,2.70805020110221,5.14166355650266
Age15_HYP_209,1,108,Test,15,16.1507243575796,Combined,GAM,1.18545954480488,13.8272236497621,18.4742250653972,Wild,2.70805020110221,4.68213122712422
Age15_HYP_232,2,100,Test,15,15.0216021947944,Combined,GAM,1.32762871185412,12.4194499195603,17.6237544700285,Wild,2.70805020110221,4.60517018598809
Age15_HYP_255,1,103,Test,15,13.0204348376995,Combined,GAM,0.943035457641098,11.172085340723,14.8687843346761,Wild,2.70805020110221,4.63472898822964
Age15_HYP_35,1,103,Test,15,14.5150421676837,Combined,GAM,0.944480334837216,12.6638607114028,16.3662236239647,Wild,2.70805020110221,4.63472898822964
Age15_HYP_550,2,136,Test,15,14.8513278349314,Combined,GAM,0.665814687723618,13.5463310469931,16.1563246228697,Wild,2.70805020110221,4.91265488573605
Age15_HYP_590,2,161,Test,15,12.7951760870477,Combined,GAM,1.14944586691523,10.5422621878938,15.0480899862015,Wild,2.70805020110221,5.08140436498446
Age15_HYP_9,1,98,Test,15,14.6116269490298,Combined,GAM,1.29829357277621,12.0669715463884,17.1562823516712,Wild,2.70805020110221,4.58496747867057
Age15_HYP_98,2,146,Test,15,13.0194904275705,Combined,GAM,1.04325261840115,10.9747152955042,15.0642655596367,Wild,2.70805020110221,4.98360662170834
Age16_HIP_1743,2,126,Test,16,16.2666738121522,Combined,GAM,1.050306250259,14.2080735616445,18.3252740626598,Wild,2.77258872223978,4.83628190695148
Age16_HIP_1810,2,175,Test,16,12.7783880690002,Combined,GAM,1.36092922304308,10.1109667918358,15.4458093461646,Wild,2.77258872223978,5.16478597392351
Age16_HYP_89,2,170,Test,16,16.7945794727432,Combined,GAM,1.04153231900529,14.7531761274928,18.8359828179936,Wild,2.77258872223978,5.13579843705026
Age16_HYP_114,1,113,Test,16,15.4494564297613,Combined,GAM,1.126714449297,13.2410961091392,17.6578167503834,Wild,2.77258872223978,4.72738781871234
Age16_HYP_205,1,94,Test,16,15.9970715008823,Combined,GAM,0.91077532282179,14.2119518681516,17.782191133613,Wild,2.77258872223978,4.54329478227
Age16_HYP_242,1,118,Test,16,16.3409904306363,Combined,GAM,1.24244413502672,13.9057999259839,18.7761809352886,Wild,2.77258872223978,4.77068462446567
Age16_HIP_3157,2,175,Test,16,17.5600694645745,Combined,GAM,1.21584787670824,15.1770076262264,19.9431313029227,Wild,2.77258872223978,5.16478597392351
Age16_HIP_1758,1,131,Test,16,13.7060300037791,Combined,GAM,1.27041571336986,11.2160152055742,16.196044801984,Wild,2.77258872223978,4.87519732320115
Age16_HIP_1387,2,125,Test,16,15.8301061955167,Combined,GAM,0.853102836794029,14.1580246354004,17.502187755633,Wild,2.77258872223978,4.8283137373023
Age16_HIP_1401,1,98,Test,16,15.4932345969549,Combined,GAM,1.16480545043427,13.2102159141037,17.776253279806,Wild,2.77258872223978,4.58496747867057
Age16_HIP_1414,2,180,Test,16,15.459893763753,Combined,GAM,0.899253324708563,13.6973572473242,17.2224302801818,Wild,2.77258872223978,5.19295685089021
Age16_HIP_5348,2,161,Test,16,19.507937230886,Combined,GAM,0.728184853650544,18.0806949177309,20.9351795440411,Wild,2.77258872223978,5.08140436498446
Age16_HIP_1985,2,191,Test,16,18.8360070444782,Combined,GAM,0.75302311751572,17.3600817341474,20.311932354809,Wild,2.77258872223978,5.25227342804663
Age16_HIP_1717,1,95,Test,16,13.0802900322075,Combined,GAM,0.877003287802619,11.3613635881144,14.7992164763007,Wild,2.77258872223978,4.55387689160054
Age17_HYP_110,1,119,Test,17,16.8490259099649,Combined,GAM,0.896069038870562,15.0927305937785,18.6053212261512,Wild,2.83321334405622,4.77912349311153
Age17_HYP_156,1,114,Test,17,17.0523409699387,Combined,GAM,0.955010321602308,15.1805207395981,18.9241612002792,Wild,2.83321334405622,4.7361984483945
Age17_HYP_162,1,118,Test,17,18.4329753669176,Combined,GAM,0.978196305662555,16.515710607819,20.3502401260162,Wild,2.83321334405622,4.77068462446567
Age17_HIP_3148,2,162,Test,17,18.4449082236066,Combined,GAM,0.842766269802439,16.7930863347938,20.0967301124194,Wild,2.83321334405622,5.08759633523238
Age17_HIP_3150,2,136,Test,17,16.2769188714202,Combined,GAM,1.25277028297388,13.8214891167914,18.732348626049,Wild,2.83321334405622,4.91265488573605
Age17_HIP_1753,2,209,Test,17,17.269591420682,Combined,GAM,1.07991825015316,15.1529516503819,19.3862311909822,Wild,2.83321334405622,5.34233425196481
Age17_HIP_3019,2,156,Test,17,12.9531251441496,Combined,GAM,1.09560779736686,10.8057338613106,15.1005164269887,Wild,2.83321334405622,5.04985600724954
Age18_HYP_551,2,173,Test,18,18.3819306783302,Combined,GAM,0.915220350276561,16.5880987917881,20.1757625648722,Wild,2.89037175789616,5.15329159449778
Age18_HYP_560,1,120,Test,18,16.7445029765542,Combined,GAM,0.767019773780376,15.2411442199446,18.2478617331637,Wild,2.89037175789616,4.78749174278205
Age18_HYP_589,1,123,Test,18,17.2613995530479,Combined,GAM,0.790552728947808,15.7119162043102,18.8108829017856,Wild,2.89037175789616,4.81218435537242
Age18_HYP_772,1,120,Test,18,18.1909279271557,Combined,GAM,0.763987831134131,16.6935117781328,19.6883440761786,Wild,2.89037175789616,4.78749174278205
Age18_HIP_6325,1,82,Test,18,14.9868139824509,Combined,GAM,1.06140845916876,12.9064534024802,17.0671745624217,Wild,2.89037175789616,4.40671924726425
Age18_HIP_1724,2,125,Test,18,15.4167183226643,Combined,GAM,0.966060843403783,13.5232390695929,17.3101975757358,Wild,2.89037175789616,4.8283137373023
Age18_HIP_3051,2,169,Test,18,13.8264759408864,Combined,GAM,0.654854112872554,12.5429618796562,15.1099900021166,Wild,2.89037175789616,5.12989871492307
Age18_HIP_3058,1,127,Test,18,15.9860703145872,Combined,GAM,0.672838830171487,14.6673062074511,17.3048344217233,Wild,2.89037175789616,4.84418708645859
Age18_HIP_5336,2,194,Test,18,17.4570205870081,Combined,GAM,0.945281091688733,15.6042696472981,19.309771526718,Wild,2.89037175789616,5.26785815906333
Age19_HIP_1300,1,132,Test,19,20.7319248403761,Combined,GAM,1.05495519886441,18.6642126506018,22.7996370301503,Wild,2.94443897916644,4.88280192258637
Age19_HYP_108,1,123,Test,19,18.0882481099241,Combined,GAM,0.832400635924738,16.4567428635116,19.7197533563366,Wild,2.94443897916644,4.81218435537242
Age19_HIP_1454,2,179,Test,19,19.323924111889,Combined,GAM,1.31449512430121,16.7475136682586,21.9003345555194,Wild,2.94443897916644,5.18738580584075
Age19_LLNS18_3608,2,198,Test,19,19.4043536041482,Combined,GAM,1.44146434323952,16.5790834913988,22.2296237168977,Wild,2.94443897916644,5.28826703069454
Age20_HIP_5369,2,193,Test,20,23.0673338896786,Combined,GAM,0.885001725845129,21.3327305070221,24.801937272335,Wild,2.99573227355399,5.26269018890489
Age21_HIP_5056,1,98,Test,21,19.5441661383264,Combined,GAM,1.0397065160936,17.506341366783,21.5819909098699,Wild,3.04452243772342,4.58496747867057
Age21_HIP_4234,1,110,Test,21,19.6958031831623,Combined,GAM,1.57303424304252,16.612656066799,22.7789502995257,Wild,3.04452243772342,4.70048036579242
Age23_HIP_1716,2,180,Test,23,19.548080838857,Combined,GAM,0.983293126182159,17.62082631154,21.475335366174,Wild,3.13549421592915,5.19295685089021
Age23_HIP_2753,1,126,Test,23,23.4660977525758,Combined,GAM,0.804727193895725,21.8888324525402,25.0433630526115,Wild,3.13549421592915,4.83628190695148
Age29_HIP_6730,2,236,Test,29,24.4170485963471,Combined,GAM,0.88935283858164,22.6739170327271,26.1601801599671,Wild,3.36729582998647,5.46383180502561
