indivname,ObsSex,Length,type,Age,EpiAge,SampleSet,ModelType
Age4_HIP_5463,1,51,Train,4,5.63233639074016,Combined,Elastic Net
Age4_HIP_5498,2,78,Train,4,5.75162232095288,Combined,Elastic Net
Age4_HIP_5513,2,49,Train,4,5.51133721736509,Combined,Elastic Net
Age4_HIP_5517,1,38,Train,4,5.39346582896041,Combined,Elastic Net
Age4_HIP_5520,2,65,Train,4,5.52680151815718,Combined,Elastic Net
Age4_HIP_5525,1,34,Train,4,5.97140174119695,Combined,Elastic Net
Age4_HIP_5530,1,38,Train,4,5.339424209813,Combined,Elastic Net
Age4_HIP_91,1,44,Train,4,4.33841475440197,Combined,Elastic Net
Age4_HIP_93,2,45,Train,4,5.85714396750194,Combined,Elastic Net
Age6_HYP_132,2,108,Train,6,8.29801093005192,Combined,Elastic Net
Age6_HYP_163,1,83,Train,6,7.50288806734507,Combined,Elastic Net
Age6_HYP_177,2,90,Train,6,7.52800519447997,Combined,Elastic Net
Age6_HYP_187,1,92,Train,6,6.80030380491386,Combined,Elastic Net
Age6_HYP_251,1,114,Train,6,9.83079597700852,Combined,Elastic Net
Age6_HYP_265,1,105,Train,6,7.40878335042339,Combined,Elastic Net
Age6_HYP_488,2,84,Train,6,7.23800107386092,Combined,Elastic Net
Age6_HYP_599,1,100,Train,6,7.11683430938272,Combined,Elastic Net
Age6_HYP_91,2,105,Train,6,6.98092568028201,Combined,Elastic Net
Age8_HYP_102,1,88,Train,8,7.74045323132173,Combined,Elastic Net
Age8_HYP_197,1,113,Train,8,9.36881444456954,Combined,Elastic Net
Age8_HYP_530,2,96,Train,8,10.9767484066588,Combined,Elastic Net
Age8_HYP_593,2,107,Train,8,8.43438031328033,Combined,Elastic Net
Age8_HYP_618,2,92,Train,8,9.61198149159511,Combined,Elastic Net
Age8_HYP_621,1,108,Train,8,7.83998681008659,Combined,Elastic Net
Age8_HYP_732,1,112,Train,8,9.52567451864185,Combined,Elastic Net
Age8_HYP_735,1,120,Train,8,10.3972307936982,Combined,Elastic Net
Age8_HYP_90,2,99,Train,8,8.3296339474815,Combined,Elastic Net
Age10_HYP_10,2,111,Train,10,10.142976412215,Combined,Elastic Net
Age10_HYP_164,1,94,Train,10,8.90100636963436,Combined,Elastic Net
Age10_HYP_266,2,114,Train,10,9.22906649341842,Combined,Elastic Net
Age10_HYP_47,1,98,Train,10,10.0450783990817,Combined,Elastic Net
Age10_HYP_494,2,143,Train,10,14.0377540821633,Combined,Elastic Net
Age10_HYP_52,1,94,Train,10,11.0302369978244,Combined,Elastic Net
Age10_HYP_531,2,154,Train,10,9.78463223042961,Combined,Elastic Net
Age10_HYP_568,1,83,Train,10,10.5249591200713,Combined,Elastic Net
Age10_HYP_645,1,120,Train,10,8.54649349725831,Combined,Elastic Net
Age12_HYP_135,1,112,Train,12,12.5593110847751,Combined,Elastic Net
Age12_HYP_211,2,145,Train,12,12.3374631203216,Combined,Elastic Net
Age12_HYP_224,2,146,Train,12,15.3827979324602,Combined,Elastic Net
Age12_HYP_227,1,90,Train,12,9.54969029891441,Combined,Elastic Net
Age12_HYP_236,2,130,Train,12,9.77750115362906,Combined,Elastic Net
Age12_HYP_502,2,135,Train,12,13.7310146100601,Combined,Elastic Net
Age12_HYP_572,1,94,Train,12,7.99125435239022,Combined,Elastic Net
Age12_HYP_603,1,121,Train,12,10.6848646918071,Combined,Elastic Net
Age12_HYP_610,1,115,Train,12,9.2075271082468,Combined,Elastic Net
Age15_HYP_125,1,99,Train,15,11.0350128441413,Combined,Elastic Net
Age15_HYP_198,2,171,Train,15,13.604656503836,Combined,Elastic Net
Age15_HYP_209,1,108,Train,15,13.2623206730508,Combined,Elastic Net
Age15_HYP_232,2,100,Train,15,11.3089489448393,Combined,Elastic Net
Age15_HYP_255,1,103,Train,15,11.8790605836674,Combined,Elastic Net
Age15_HYP_35,1,103,Train,15,11.2234136077553,Combined,Elastic Net
Age15_HYP_590,2,161,Train,15,13.9395286561891,Combined,Elastic Net
Age15_HYP_9,1,98,Train,15,11.7373591322837,Combined,Elastic Net
Age15_HYP_98,2,146,Train,15,10.7497871114501,Combined,Elastic Net
Age16_HIP_1743,2,126,Train,16,11.0059828588921,Combined,Elastic Net
Age16_HYP_89,2,170,Train,16,11.5150433322446,Combined,Elastic Net
Age16_HYP_114,1,113,Train,16,13.8135156931974,Combined,Elastic Net
Age16_HYP_242,1,118,Train,16,17.5118163720854,Combined,Elastic Net
Age16_HIP_3157,2,175,Train,16,18.3460656011392,Combined,Elastic Net
Age16_HIP_1758,1,131,Train,16,14.5593336735997,Combined,Elastic Net
Age16_HIP_1387,2,125,Train,16,20.3797532493531,Combined,Elastic Net
Age16_HIP_1401,1,98,Train,16,11.5907615457892,Combined,Elastic Net
Age16_HIP_1414,2,180,Train,16,18.327268472339,Combined,Elastic Net
Age16_HIP_5348,2,161,Train,16,17.160943199541,Combined,Elastic Net
Age16_HIP_1985,2,191,Train,16,15.1076695911646,Combined,Elastic Net
Age16_HIP_1717,1,95,Train,16,10.420094240615,Combined,Elastic Net
Age17_HYP_110,1,119,Train,17,17.4371566420774,Combined,Elastic Net
Age17_HYP_162,1,118,Train,17,14.9166695915498,Combined,Elastic Net
Age17_HIP_3148,2,162,Train,17,14.0185612406594,Combined,Elastic Net
Age17_HIP_1753,2,209,Train,17,20.7295695937971,Combined,Elastic Net
Age17_HIP_3019,2,156,Train,17,13.6127697158272,Combined,Elastic Net
Age18_HYP_560,1,120,Train,18,17.4950381900252,Combined,Elastic Net
Age18_HYP_589,1,123,Train,18,15.0432240756265,Combined,Elastic Net
Age18_HYP_772,1,120,Train,18,15.1889498474897,Combined,Elastic Net
Age18_HIP_6325,1,82,Train,18,10.5480528200217,Combined,Elastic Net
Age18_HIP_1724,2,125,Train,18,12.6442936523525,Combined,Elastic Net
Age18_HIP_3051,2,169,Train,18,15.3462050687491,Combined,Elastic Net
Age18_HIP_5336,2,194,Train,18,15.3162090318965,Combined,Elastic Net
Age19_HYP_108,1,123,Train,19,16.2643554758583,Combined,Elastic Net
Age19_HIP_1454,2,179,Train,19,19.0861263624856,Combined,Elastic Net
Age21_HIP_5056,1,98,Train,21,17.2182116842991,Combined,Elastic Net
Age29_HIP_6730,2,236,Train,29,26.3685078477894,Combined,Elastic Net
Age4_HIP_5533,1,60,Test,4,5.22321471564363,Combined,Elastic Net
Age4_HIP_5490,2,83,Test,4,5.26071892544744,Combined,Elastic Net
Age6_HYP_731,1,108,Test,6,7.83664652525128,Combined,Elastic Net
Age6_HYP_540,2,103,Test,6,8.98112823355836,Combined,Elastic Net
Age8_HYP_639,1,100,Test,8,8.10989988749231,Combined,Elastic Net
Age8_HYP_250,2,125,Test,8,8.20431317125375,Combined,Elastic Net
Age10_HYP_544,1,118,Test,10,8.89770477764561,Combined,Elastic Net
Age10_HYP_526,2,122,Test,10,8.93868988710082,Combined,Elastic Net
Age12_HYP_165,1,111,Test,12,8.44545586537397,Combined,Elastic Net
Age12_HYP_517,2,128,Test,12,10.7278397326216,Combined,Elastic Net
Age15_HYP_157,1,110,Test,15,11.936618238309,Combined,Elastic Net
Age15_HYP_550,2,136,Test,15,10.9720513196932,Combined,Elastic Net
Age16_HYP_205,1,94,Test,16,14.409283783143,Combined,Elastic Net
Age16_HIP_1810,2,175,Test,16,13.5560526932202,Combined,Elastic Net
Age17_HYP_156,1,114,Test,17,14.2507387344254,Combined,Elastic Net
Age17_HIP_3150,2,136,Test,17,8.06933080032358,Combined,Elastic Net
Age18_HIP_3058,1,127,Test,18,13.4708132317161,Combined,Elastic Net
Age18_HYP_551,2,173,Test,18,14.8590104054961,Combined,Elastic Net
Age19_HIP_1300,1,132,Test,19,12.8078119802163,Combined,Elastic Net
Age19_LLNS18_3608,2,198,Test,19,9.46919290093261,Combined,Elastic Net
Age20_HIP_5369,2,193,Test,20,17.5179196110131,Combined,Elastic Net
Age21_HIP_4234,1,110,Test,21,8.85565266917369,Combined,Elastic Net
Age23_HIP_2753,1,126,Test,23,14.8306952554743,Combined,Elastic Net
Age23_HIP_1716,2,180,Test,23,10.1378661510756,Combined,Elastic Net
Age4_HIP_5463,1,51,Test,4,4.88576202543607,Combined,GLM
Age4_HIP_5490,2,83,Test,4,3.5691990174283,Combined,GLM
Age4_HIP_5498,2,78,Test,4,4.23628533940499,Combined,GLM
Age4_HIP_5513,2,49,Test,4,4.36348575330954,Combined,GLM
Age4_HIP_5517,1,38,Test,4,6.7492141718155,Combined,GLM
Age4_HIP_5520,2,65,Test,4,4.67219317979806,Combined,GLM
Age4_HIP_5525,1,34,Test,4,7.37420000626106,Combined,GLM
Age4_HIP_5530,1,38,Test,4,5.7974552988966,Combined,GLM
Age4_HIP_5533,1,60,Test,4,5.03033961812984,Combined,GLM
Age4_HIP_91,1,44,Test,4,4.71927162370388,Combined,GLM
Age4_HIP_93,2,45,Test,4,7.17417675098427,Combined,GLM
Age6_HYP_132,2,108,Test,6,8.2791336340261,Combined,GLM
Age6_HYP_163,1,83,Test,6,8.55821126360942,Combined,GLM
Age6_HYP_177,2,90,Test,6,8.02533087175428,Combined,GLM
Age6_HYP_187,1,92,Test,6,6.43408667565762,Combined,GLM
Age6_HYP_251,1,114,Test,6,10.2040784881558,Combined,GLM
Age6_HYP_265,1,105,Test,6,9.33181523074365,Combined,GLM
Age6_HYP_488,2,84,Test,6,8.68894552422853,Combined,GLM
Age6_HYP_540,2,103,Test,6,6.66628645124574,Combined,GLM
Age6_HYP_599,1,100,Test,6,9.42206338216453,Combined,GLM
Age6_HYP_731,1,108,Test,6,7.66503330167316,Combined,GLM
Age6_HYP_91,2,105,Test,6,7.12758377246439,Combined,GLM
Age8_HYP_102,1,88,Test,8,7.22868584283711,Combined,GLM
Age8_HYP_197,1,113,Test,8,10.9644645130626,Combined,GLM
Age8_HYP_250,2,125,Test,8,9.33264886798012,Combined,GLM
Age8_HYP_530,2,96,Test,8,11.7423591647279,Combined,GLM
Age8_HYP_593,2,107,Test,8,6.16937655617269,Combined,GLM
Age8_HYP_618,2,92,Test,8,10.1783473409199,Combined,GLM
Age8_HYP_621,1,108,Test,8,8.20497389471116,Combined,GLM
Age8_HYP_639,1,100,Test,8,9.39109353382948,Combined,GLM
Age8_HYP_732,1,112,Test,8,9.19722248780466,Combined,GLM
Age8_HYP_735,1,120,Test,8,11.9107993169743,Combined,GLM
Age8_HYP_90,2,99,Test,8,9.63521843667759,Combined,GLM
Age10_HYP_10,2,111,Test,10,12.0053414835609,Combined,GLM
Age10_HYP_164,1,94,Test,10,9.63188290933116,Combined,GLM
Age10_HYP_266,2,114,Test,10,12.8483043223155,Combined,GLM
Age10_HYP_47,1,98,Test,10,12.0100595184639,Combined,GLM
Age10_HYP_494,2,143,Test,10,15.7193838432276,Combined,GLM
Age10_HYP_52,1,94,Test,10,12.5122198944741,Combined,GLM
Age10_HYP_526,2,122,Test,10,7.57881997252618,Combined,GLM
Age10_HYP_531,2,154,Test,10,9.75331571874586,Combined,GLM
Age10_HYP_544,1,118,Test,10,10.2090175242098,Combined,GLM
Age10_HYP_568,1,83,Test,10,12.2079814285775,Combined,GLM
Age10_HYP_645,1,120,Test,10,8.74036943860662,Combined,GLM
Age12_HYP_135,1,112,Test,12,12.0952275727301,Combined,GLM
Age12_HYP_165,1,111,Test,12,9.83655430429439,Combined,GLM
Age12_HYP_211,2,145,Test,12,13.1226623451382,Combined,GLM
Age12_HYP_224,2,146,Test,12,16.5829539081954,Combined,GLM
Age12_HYP_227,1,90,Test,12,8.40574379619881,Combined,GLM
Age12_HYP_236,2,130,Test,12,9.64544269301036,Combined,GLM
Age12_HYP_502,2,135,Test,12,13.5170230991315,Combined,GLM
Age12_HYP_517,2,128,Test,12,10.4395178631133,Combined,GLM
Age12_HYP_572,1,94,Test,12,7.54901052341596,Combined,GLM
Age12_HYP_603,1,121,Test,12,12.3906081597872,Combined,GLM
Age12_HYP_610,1,115,Test,12,11.7240150768476,Combined,GLM
Age15_HYP_125,1,99,Test,15,11.9853056082913,Combined,GLM
Age15_HYP_157,1,110,Test,15,11.7438894150225,Combined,GLM
Age15_HYP_198,2,171,Test,15,12.9830092940837,Combined,GLM
Age15_HYP_209,1,108,Test,15,13.0592851697591,Combined,GLM
Age15_HYP_232,2,100,Test,15,11.8608780015545,Combined,GLM
Age15_HYP_255,1,103,Test,15,10.1113682496922,Combined,GLM
Age15_HYP_35,1,103,Test,15,10.509492884607,Combined,GLM
Age15_HYP_550,2,136,Test,15,10.3718519960205,Combined,GLM
Age15_HYP_590,2,161,Test,15,14.6353845346588,Combined,GLM
Age15_HYP_9,1,98,Test,15,12.3809323255157,Combined,GLM
Age15_HYP_98,2,146,Test,15,12.5612167344191,Combined,GLM
Age16_HIP_1743,2,126,Test,16,11.8222165526007,Combined,GLM
Age16_HIP_1810,2,175,Test,16,17.8380449207787,Combined,GLM
Age16_HYP_89,2,170,Test,16,16.6572605175107,Combined,GLM
Age16_HYP_114,1,113,Test,16,15.9322373575891,Combined,GLM
Age16_HYP_205,1,94,Test,16,20.0540408528752,Combined,GLM
Age16_HYP_242,1,118,Test,16,17.3125343331197,Combined,GLM
Age16_HIP_3157,2,175,Test,16,19.6065272604042,Combined,GLM
Age16_HIP_1758,1,131,Test,16,15.0999953315959,Combined,GLM
Age16_HIP_1387,2,125,Test,16,21.8176873327586,Combined,GLM
Age16_HIP_1401,1,98,Test,16,12.1076819117436,Combined,GLM
Age16_HIP_1414,2,180,Test,16,18.4726943275357,Combined,GLM
Age16_HIP_5348,2,161,Test,16,18.2279598142753,Combined,GLM
Age16_HIP_1985,2,191,Test,16,17.1693735944629,Combined,GLM
Age16_HIP_1717,1,95,Test,16,13.230265521255,Combined,GLM
Age17_HYP_110,1,119,Test,17,17.4109345337296,Combined,GLM
Age17_HYP_156,1,114,Test,17,17.1088888547504,Combined,GLM
Age17_HYP_162,1,118,Test,17,17.5733920728689,Combined,GLM
Age17_HIP_3148,2,162,Test,17,16.3070610333662,Combined,GLM
Age17_HIP_3150,2,136,Test,17,14.3361952676837,Combined,GLM
Age17_HIP_1753,2,209,Test,17,18.8941509251382,Combined,GLM
Age17_HIP_3019,2,156,Test,17,15.5938133887963,Combined,GLM
Age18_HYP_551,2,173,Test,18,18.6474317419895,Combined,GLM
Age18_HYP_560,1,120,Test,18,18.6923221743751,Combined,GLM
Age18_HYP_589,1,123,Test,18,19.2008080009535,Combined,GLM
Age18_HYP_772,1,120,Test,18,18.9163914343045,Combined,GLM
Age18_HIP_6325,1,82,Test,18,13.3740549736726,Combined,GLM
Age18_HIP_1724,2,125,Test,18,14.7278168116463,Combined,GLM
Age18_HIP_3051,2,169,Test,18,17.1284262805146,Combined,GLM
Age18_HIP_3058,1,127,Test,18,17.2680032784845,Combined,GLM
Age18_HIP_5336,2,194,Test,18,15.1181709441282,Combined,GLM
Age19_HIP_1300,1,132,Test,19,16.3428455931814,Combined,GLM
Age19_HYP_108,1,123,Test,19,16.0989875019825,Combined,GLM
Age19_HIP_1454,2,179,Test,19,22.4671362843908,Combined,GLM
Age19_LLNS18_3608,2,198,Test,19,14.5518392653176,Combined,GLM
Age20_HIP_5369,2,193,Test,20,19.7267821325543,Combined,GLM
Age21_HIP_5056,1,98,Test,21,19.9658876019699,Combined,GLM
Age21_HIP_4234,1,110,Test,21,17.0479155631323,Combined,GLM
Age23_HIP_1716,2,180,Test,23,14.9399207786963,Combined,GLM
Age23_HIP_2753,1,126,Test,23,16.5893695978063,Combined,GLM
Age29_HIP_6730,2,236,Test,29,25.965523389949,Combined,GLM
Age4_HIP_5463,1,51,Test,4,6.37471752512584,Combined,GAM
Age4_HIP_5490,2,83,Test,4,7.78806016553866,Combined,GAM
Age4_HIP_5498,2,78,Test,4,6.86746384055644,Combined,GAM
Age4_HIP_5513,2,49,Test,4,4.60039535603351,Combined,GAM
Age4_HIP_5517,1,38,Test,4,6.80928848796071,Combined,GAM
Age4_HIP_5520,2,65,Test,4,3.37479858261203,Combined,GAM
Age4_HIP_5525,1,34,Test,4,7.87497946280077,Combined,GAM
Age4_HIP_5530,1,38,Test,4,4.35152514634632,Combined,GAM
Age4_HIP_5533,1,60,Test,4,4.82139033253981,Combined,GAM
Age4_HIP_91,1,44,Test,4,4.90296452156146,Combined,GAM
Age4_HIP_93,2,45,Test,4,9.01636510612977,Combined,GAM
Age6_HYP_132,2,108,Test,6,6.87444148203586,Combined,GAM
Age6_HYP_163,1,83,Test,6,6.57466588394904,Combined,GAM
Age6_HYP_177,2,90,Test,6,7.20746236650499,Combined,GAM
Age6_HYP_187,1,92,Test,6,4.27682454534118,Combined,GAM
Age6_HYP_251,1,114,Test,6,13.200525858689,Combined,GAM
Age6_HYP_265,1,105,Test,6,6.99866084417509,Combined,GAM
Age6_HYP_488,2,84,Test,6,9.55404203320049,Combined,GAM
Age6_HYP_540,2,103,Test,6,9.17693155568539,Combined,GAM
Age6_HYP_599,1,100,Test,6,7.13462661810159,Combined,GAM
Age6_HYP_731,1,108,Test,6,8.78340389943781,Combined,GAM
Age6_HYP_91,2,105,Test,6,4.66683654625346,Combined,GAM
Age8_HYP_102,1,88,Test,8,7.08816831128377,Combined,GAM
Age8_HYP_197,1,113,Test,8,12.5805609352206,Combined,GAM
Age8_HYP_250,2,125,Test,8,9.67339260515214,Combined,GAM
Age8_HYP_530,2,96,Test,8,14.1326588018949,Combined,GAM
Age8_HYP_593,2,107,Test,8,7.8852785688096,Combined,GAM
Age8_HYP_618,2,92,Test,8,9.22782923509282,Combined,GAM
Age8_HYP_621,1,108,Test,8,7.77061841337665,Combined,GAM
Age8_HYP_639,1,100,Test,8,8.46149999202905,Combined,GAM
Age8_HYP_732,1,112,Test,8,9.23537089010974,Combined,GAM
Age8_HYP_735,1,120,Test,8,11.6266300703978,Combined,GAM
Age8_HYP_90,2,99,Test,8,11.3527068555737,Combined,GAM
Age10_HYP_10,2,111,Test,10,8.55333887316217,Combined,GAM
Age10_HYP_164,1,94,Test,10,10.1950837676308,Combined,GAM
Age10_HYP_266,2,114,Test,10,10.1220280876842,Combined,GAM
Age10_HYP_47,1,98,Test,10,12.9157710283455,Combined,GAM
Age10_HYP_494,2,143,Test,10,13.935694937375,Combined,GAM
Age10_HYP_52,1,94,Test,10,11.6981882282834,Combined,GAM
Age10_HYP_526,2,122,Test,10,8.59717997556106,Combined,GAM
Age10_HYP_531,2,154,Test,10,10.5304350365714,Combined,GAM
Age10_HYP_544,1,118,Test,10,9.97632544344009,Combined,GAM
Age10_HYP_568,1,83,Test,10,11.0055352981199,Combined,GAM
Age10_HYP_645,1,120,Test,10,8.16764024840841,Combined,GAM
Age12_HYP_135,1,112,Test,12,12.7619865657433,Combined,GAM
Age12_HYP_165,1,111,Test,12,8.31218953290609,Combined,GAM
Age12_HYP_211,2,145,Test,12,13.7494891004694,Combined,GAM
Age12_HYP_224,2,146,Test,12,15.8920584210381,Combined,GAM
Age12_HYP_227,1,90,Test,12,9.84110612283074,Combined,GAM
Age12_HYP_236,2,130,Test,12,9.2763824324447,Combined,GAM
Age12_HYP_502,2,135,Test,12,14.2871717526234,Combined,GAM
Age12_HYP_517,2,128,Test,12,10.2737496994294,Combined,GAM
Age12_HYP_572,1,94,Test,12,5.40000782178463,Combined,GAM
Age12_HYP_603,1,121,Test,12,12.5348440152931,Combined,GAM
Age12_HYP_610,1,115,Test,12,10.4598668487567,Combined,GAM
Age15_HYP_125,1,99,Test,15,12.4326293156112,Combined,GAM
Age15_HYP_157,1,110,Test,15,13.1881186720416,Combined,GAM
Age15_HYP_198,2,171,Test,15,13.9340920427769,Combined,GAM
Age15_HYP_209,1,108,Test,15,13.3170910062868,Combined,GAM
Age15_HYP_232,2,100,Test,15,12.3857800678562,Combined,GAM
Age15_HYP_255,1,103,Test,15,11.4845276379746,Combined,GAM
Age15_HYP_35,1,103,Test,15,12.5905384055384,Combined,GAM
Age15_HYP_550,2,136,Test,15,10.5352813760795,Combined,GAM
Age15_HYP_590,2,161,Test,15,12.0654620112561,Combined,GAM
Age15_HYP_9,1,98,Test,15,10.0586333695514,Combined,GAM
Age15_HYP_98,2,146,Test,15,10.8712264130364,Combined,GAM
Age16_HIP_1743,2,126,Test,16,17.6833162046441,Combined,GAM
Age16_HIP_1810,2,175,Test,16,16.937073725915,Combined,GAM
Age16_HYP_89,2,170,Test,16,15.2105772636692,Combined,GAM
Age16_HYP_114,1,113,Test,16,17.7137479199729,Combined,GAM
Age16_HYP_205,1,94,Test,16,16.7897787681879,Combined,GAM
Age16_HYP_242,1,118,Test,16,18.7366897000952,Combined,GAM
Age16_HIP_3157,2,175,Test,16,17.375294584935,Combined,GAM
Age16_HIP_1758,1,131,Test,16,16.7915402828585,Combined,GAM
Age16_HIP_1387,2,125,Test,16,18.6953143929157,Combined,GAM
Age16_HIP_1401,1,98,Test,16,14.0424108415945,Combined,GAM
Age16_HIP_1414,2,180,Test,16,15.3313286260105,Combined,GAM
Age16_HIP_5348,2,161,Test,16,18.1935834843539,Combined,GAM
Age16_HIP_1985,2,191,Test,16,17.4527625896612,Combined,GAM
Age16_HIP_1717,1,95,Test,16,13.0920289049492,Combined,GAM
Age17_HYP_110,1,119,Test,17,17.4050381436923,Combined,GAM
Age17_HYP_156,1,114,Test,17,15.7340265167383,Combined,GAM
Age17_HYP_162,1,118,Test,17,14.9334427580081,Combined,GAM
Age17_HIP_3148,2,162,Test,17,17.5889504209317,Combined,GAM
Age17_HIP_3150,2,136,Test,17,15.2841234200402,Combined,GAM
Age17_HIP_1753,2,209,Test,17,19.295564324561,Combined,GAM
Age17_HIP_3019,2,156,Test,17,16.4629446135059,Combined,GAM
Age18_HYP_551,2,173,Test,18,18.5913040185985,Combined,GAM
Age18_HYP_560,1,120,Test,18,19.8495786147458,Combined,GAM
Age18_HYP_589,1,123,Test,18,17.5456940899134,Combined,GAM
Age18_HYP_772,1,120,Test,18,18.0303024451219,Combined,GAM
Age18_HIP_6325,1,82,Test,18,16.3620308331376,Combined,GAM
Age18_HIP_1724,2,125,Test,18,17.2236571343845,Combined,GAM
Age18_HIP_3051,2,169,Test,18,16.5412721404504,Combined,GAM
Age18_HIP_3058,1,127,Test,18,19.4165693095373,Combined,GAM
Age18_HIP_5336,2,194,Test,18,15.9863223391237,Combined,GAM
Age19_HIP_1300,1,132,Test,19,16.7717167672393,Combined,GAM
Age19_HYP_108,1,123,Test,19,19.8661710724175,Combined,GAM
Age19_HIP_1454,2,179,Test,19,18.6319505627741,Combined,GAM
Age19_LLNS18_3608,2,198,Test,19,14.8411052769462,Combined,GAM
Age20_HIP_5369,2,193,Test,20,18.5372238037022,Combined,GAM
Age21_HIP_5056,1,98,Test,21,20.4236005977287,Combined,GAM
Age21_HIP_4234,1,110,Test,21,13.8743647418214,Combined,GAM
Age23_HIP_1716,2,180,Test,23,14.8392536115112,Combined,GAM
Age23_HIP_2753,1,126,Test,23,17.7226295810854,Combined,GAM
Age29_HIP_6730,2,236,Test,29,25.8361152841758,Combined,GAM
